{
  "version": "1.0",
  "defaultProvider": "cdnjs",
  "libraries": [
    {
      "library": "bootstrap@5.3.1",
      "destination": "wwwroot/lib/bootstrap/",
      "files": [
        "scss/forms/_floating-labels.scss",
        "scss/forms/_form-check.scss",
        "scss/forms/_form-control.scss",
        "scss/forms/_form-range.scss",
        "scss/forms/_form-select.scss",
        "scss/forms/_form-text.scss",
        "scss/forms/_input-group.scss",
        "scss/forms/_labels.scss",
        "scss/forms/_validation.scss",
        "scss/helpers/_clearfix.scss",
        "scss/helpers/_color-bg.scss",
        "scss/helpers/_colored-links.scss",
        "scss/helpers/_focus-ring.scss",
        "scss/helpers/_icon-link.scss",
        "scss/helpers/_position.scss",
        "scss/helpers/_ratio.scss",
        "scss/helpers/_stacks.scss",
        "scss/helpers/_stretched-link.scss",
        "scss/helpers/_text-truncation.scss",
        "scss/helpers/_visually-hidden.scss",
        "scss/helpers/_vr.scss",
        "scss/mixins/_alert.scss",
        "scss/mixins/_backdrop.scss",
        "scss/mixins/_banner.scss",
        "scss/mixins/_border-radius.scss",
        "scss/mixins/_box-shadow.scss",
        "scss/mixins/_breakpoints.scss",
        "scss/mixins/_buttons.scss",
        "scss/mixins/_caret.scss",
        "scss/mixins/_clearfix.scss",
        "scss/mixins/_color-mode.scss",
        "scss/mixins/_color-scheme.scss",
        "scss/mixins/_container.scss",
        "scss/mixins/_deprecate.scss",
        "scss/mixins/_forms.scss",
        "scss/mixins/_gradients.scss",
        "scss/mixins/_grid.scss",
        "scss/mixins/_image.scss",
        "scss/mixins/_list-group.scss",
        "scss/mixins/_lists.scss",
        "scss/mixins/_pagination.scss",
        "scss/mixins/_reset-text.scss",
        "scss/mixins/_resize.scss",
        "scss/mixins/_table-variants.scss",
        "scss/mixins/_text-truncate.scss",
        "scss/mixins/_transition.scss",
        "scss/mixins/_utilities.scss",
        "scss/mixins/_visually-hidden.scss",
        "scss/utilities/_api.scss",
        "scss/vendor/_rfs.scss",
        "scss/bootstrap-grid.scss",
        "scss/bootstrap-reboot.scss",
        "scss/bootstrap-utilities.scss",
        "scss/bootstrap.scss",
        "scss/_accordion.scss",
        "scss/_alert.scss",
        "scss/_badge.scss",
        "scss/_breadcrumb.scss",
        "scss/_button-group.scss",
        "scss/_buttons.scss",
        "scss/_card.scss",
        "scss/_carousel.scss",
        "scss/_close.scss",
        "scss/_containers.scss",
        "scss/_dropdown.scss",
        "scss/_forms.scss",
        "scss/_functions.scss",
        "scss/_grid.scss",
        "scss/_helpers.scss",
        "scss/_images.scss",
        "scss/_list-group.scss",
        "scss/_maps.scss",
        "scss/_mixins.scss",
        "scss/_modal.scss",
        "scss/_nav.scss",
        "scss/_navbar.scss",
        "scss/_offcanvas.scss",
        "scss/_pagination.scss",
        "scss/_placeholders.scss",
        "scss/_popover.scss",
        "scss/_progress.scss",
        "scss/_reboot.scss",
        "scss/_root.scss",
        "scss/_spinners.scss",
        "scss/_tables.scss",
        "scss/_toasts.scss",
        "scss/_tooltip.scss",
        "scss/_transitions.scss",
        "scss/_type.scss",
        "scss/_utilities.scss",
        "scss/_variables-dark.scss",
        "scss/_variables.scss"
      ]
    },
    {
      "library": "particles.js@2.0.0",
      "destination": "wwwroot/particles.js/",
      "files": [
        "particles.min.js"
      ]
    },
    {
      "library": "tailwindcss@2.2.19",
      "destination": "wwwroot/tailwindcss/",
      "files": [
        "tailwind.min.css",
        "base.min.css",
        "components.min.css",
        "utilities.min.css",
        "tailwind-experimental.min.css",
        "tailwind-dark.min.css"
      ]
    }
  ]
}